{
  "project_info": {
    "project_number": "607916965416",
    "project_id": "hip-transducer-279722",
    "storage_bucket": "hip-transducer-279722.appspot.com"
  },
  "client": [
    {
      "client_info": {
        "mobilesdk_app_id": "1:607916965416:android:44be0a4c022e94e4c77f1d",
        "android_client_info": {
          "package_name": "com.example.cryptoadvisor"
        }
      },
      "oauth_client": [
        {
          "client_id": "607916965416-ne9osoh1qne39i8ma3rgb7asku90f550.apps.googleusercontent.com",
          "client_type": 3
        }
      ],
      "api_key": [
        {
          "current_key": "AIzaSyAjFqXK617P8QKPApYZFSoNaZY3mjY9NOI"
        }
      ],
      "services": {
        "appinvite_service": {
          "other_platform_oauth_client": [
            {
              "client_id": "607916965416-ne9osoh1qne39i8ma3rgb7asku90f550.apps.googleusercontent.com",
              "client_type": 3
            }
          ]
        }
      }
    }
  ],
  "configuration_version": "1"
}